{
  "timestamp": "2025-10-31T09:46:18.775949",
  "iterations": 20,
  "final_knowledge": -0.36057186455284623,
  "improvement": -1.3707816241098245,
  "learning_trajectory": [
    1.0102097595569783,
    0.5738171052503307,
    0.3800268053297153,
    0.3507149992034061,
    -0.09516567107787421,
    0.11464158849053273,
    0.42107515698887577,
    0.45365295593745913,
    0.2515246051705443,
    0.06800872397218054,
    -0.5784496074741632,
    -0.39432161605740773,
    -0.3273503906717486,
    -0.39520825061814185,
    -0.5285017458063146,
    -0.19493341699261446,
    0.09887616013007634,
    -0.42028930444267754,
    -0.3211892014295252,
    -0.36057186455284623
  ]
}