{
  "timestamp": "2025-09-17T13:20:00.376262",
  "test_type": "Scaled-Up Enterprise Performance",
  "system_info": {
    "cpu_count": 14,
    "memory_gb": 36.0,
    "parallel_workers": 14
  },
  "tests": [
    {
      "matrix_size": 128,
      "matrix_name": "Small Enterprise (128x128)",
      "matrix_elements": 16384,
      "initial_error": "1061334",
      "iterations": 3,
      "cuda_optimization": {
        "time": 6.969769795735677e-05,
        "error": 1051787.3333333333,
        "improvement_percent": 0.8994969224265635
      },
      "cudnt_consciousness": {
        "time": 9.965896606445312e-05,
        "error": 0.0,
        "improvement_percent": 100.0
      },
      "parallel_processing": {
        "time": 7.8931318918863935
      },
      "quantum_processing": {
        "time": 42.20648765563965,
        "fidelity": 0.013333138773138487
      },
      "matrix_multiplication": {
        "cuda_time": 0.0007019837697347006,
        "cudnt_time": 5.706151326497396e-05
      },
      "performance_metrics": {
        "avg_memory_usage": 58.26666666666667,
        "avg_cpu_usage": 13.245833333333332
      }
    },
    {
      "matrix_size": 256,
      "matrix_name": "Medium Enterprise (256x256)",
      "matrix_elements": 65536,
      "initial_error": "4204104",
      "iterations": 3,
      "cuda_optimization": {
        "time": 0.0016942818959554036,
        "error": 4202890.333333333,
        "improvement_percent": 0.028868616634292996
      },
      "cudnt_consciousness": {
        "time": 0.00033974647521972656,
        "error": 0.0,
        "improvement_percent": 100.0
      },
      "parallel_processing": {
        "time": 1.7897953192392986
      },
      "quantum_processing": {
        "time": 41.5691245396932,
        "fidelity": 0.013336233493937297
      },
      "matrix_multiplication": {
        "cuda_time": 0.006059408187866211,
        "cudnt_time": 0.00021735827128092447
      },
      "performance_metrics": {
        "avg_memory_usage": 58.23541666666667,
        "avg_cpu_usage": 14.997916666666667
      }
    },
    {
      "matrix_size": 512,
      "matrix_name": "Large Enterprise (512x512)",
      "matrix_elements": 262144,
      "initial_error": "16838110",
      "iterations": 2,
      "cuda_optimization": {
        "time": 0.03359949588775635,
        "error": 16808635.0,
        "improvement_percent": 0.17504933748502652
      },
      "cudnt_consciousness": {
        "time": 0.010585427284240723,
        "error": 0.0,
        "improvement_percent": 100.0
      },
      "parallel_processing": {
        "time": 0.04568743705749512
      },
      "quantum_processing": {
        "time": 41.31730544567108,
        "fidelity": 0.013328846804295176
      },
      "matrix_multiplication": {
        "cuda_time": 0.006795525550842285,
        "cudnt_time": 0.001147150993347168
      },
      "performance_metrics": {
        "avg_memory_usage": 58.225,
        "avg_cpu_usage": 17.178125
      }
    },
    {
      "matrix_size": 1024,
      "matrix_name": "Extra Large Enterprise (1024x1024)",
      "matrix_elements": 1048576,
      "initial_error": "67126066",
      "iterations": 1,
      "cuda_optimization": {
        "time": 0.5088253021240234,
        "error": 67118131.0,
        "improvement_percent": 0.01182104132245736
      },
      "cudnt_consciousness": {
        "time": 0.0161130428314209,
        "error": 0.0,
        "improvement_percent": 100.0
      },
      "parallel_processing": {
        "time": 0.16652393341064453
      },
      "quantum_processing": {
        "time": 25.09925603866577,
        "fidelity": 0.022232787135640777
      },
      "matrix_multiplication": {
        "cuda_time": 0.010328054428100586,
        "cudnt_time": 0.00013017654418945312
      },
      "performance_metrics": {
        "avg_memory_usage": 58.237500000000004,
        "avg_cpu_usage": 17.6
      }
    },
    {
      "matrix_size": 2048,
      "matrix_name": "Massive Enterprise (2048x2048)",
      "matrix_elements": 4194304,
      "initial_error": "268217829",
      "iterations": 1,
      "cuda_optimization": {
        "time": 2.2356691360473633,
        "error": 268180254.0,
        "improvement_percent": 0.01400913583563455
      },
      "cudnt_consciousness": {
        "time": 0.035711050033569336,
        "error": 0.0,
        "improvement_percent": 100.0
      },
      "parallel_processing": {
        "time": 0.6370370388031006
      },
      "quantum_processing": {
        "time": 24.698041677474976,
        "fidelity": 0.022210072566215835
      },
      "matrix_multiplication": {
        "cuda_time": 0.011440038681030273,
        "cudnt_time": 0.0001220703125
      },
      "performance_metrics": {
        "avg_memory_usage": 58.25625,
        "avg_cpu_usage": 18.17625
      }
    }
  ],
  "analysis": {
    "speed_wins": {
      "cudnt": 4,
      "cuda": 1,
      "tie": 0
    },
    "accuracy_wins": {
      "cudnt": 5,
      "cuda": 0,
      "tie": 0
    },
    "total_tests": 5,
    "cudnt_speed_advantage": 80.0,
    "cuda_speed_advantage": 20.0,
    "cudnt_accuracy_advantage": 100.0,
    "cuda_accuracy_advantage": 0.0
  }
}