{
  "timestamp": "2025-09-17T13:13:31.422443",
  "optimization_type": "Speed Optimization",
  "tests": [
    {
      "matrix_size": 32,
      "matrix_name": "Small (32x32)",
      "initial_error": "69609",
      "cuda_optimization": {
        "time": 0.00042891502380371094,
        "error": 66022.0,
        "improvement_percent": 5.153069287017483
      },
      "cudnt_consciousness": {
        "time": 0.00011491775512695312,
        "error": 0.0,
        "improvement_percent": 100.0
      },
      "parallel_processing": {
        "time": 0.4092390537261963
      },
      "quantum_processing": {
        "time": 18.78596782684326,
        "fidelity": 0.03331632065842882
      },
      "matrix_multiplication": {
        "cuda_time": 2.002716064453125e-05,
        "cudnt_time": 4.291534423828125e-05
      }
    },
    {
      "matrix_size": 64,
      "matrix_name": "Medium (64x64)",
      "initial_error": "256040",
      "cuda_optimization": {
        "time": 0.0007700920104980469,
        "error": 256814.0,
        "improvement_percent": -0.30229651616934855
      },
      "cudnt_consciousness": {
        "time": 0.0006899833679199219,
        "error": 0.0,
        "improvement_percent": 100.0
      },
      "parallel_processing": {
        "time": 1.653749942779541
      },
      "quantum_processing": {
        "time": 16.83050799369812,
        "fidelity": 0.033314275542721816
      },
      "matrix_multiplication": {
        "cuda_time": 8.988380432128906e-05,
        "cudnt_time": 3.695487976074219e-05
      }
    },
    {
      "matrix_size": 128,
      "matrix_name": "Large (128x128)",
      "initial_error": "1059349",
      "cuda_optimization": {
        "time": 0.0026581287384033203,
        "error": 1050696.0,
        "improvement_percent": 0.8168224069688081
      },
      "cudnt_consciousness": {
        "time": 0.0014808177947998047,
        "error": 0.0,
        "improvement_percent": 100.0
      },
      "parallel_processing": {
        "time": 0.0006237030029296875
      },
      "quantum_processing": {
        "time": 16.76357102394104,
        "fidelity": 0.033347809845565735
      },
      "matrix_multiplication": {
        "cuda_time": 0.0007140636444091797,
        "cudnt_time": 4.100799560546875e-05
      }
    },
    {
      "matrix_size": 256,
      "matrix_name": "Extra Large (256x256)",
      "initial_error": "4187424",
      "cuda_optimization": {
        "time": 0.00781702995300293,
        "error": 4175366.0,
        "improvement_percent": 0.2879574650190666
      },
      "cudnt_consciousness": {
        "time": 0.005989789962768555,
        "error": 0.0,
        "improvement_percent": 100.0
      },
      "parallel_processing": {
        "time": 0.001965045928955078
      },
      "quantum_processing": {
        "time": 16.586820125579834,
        "fidelity": 0.03333828619691985
      },
      "matrix_multiplication": {
        "cuda_time": 0.0056722164154052734,
        "cudnt_time": 6.604194641113281e-05
      }
    }
  ],
  "speed_analysis": {
    "speed_wins": {
      "cudnt": 4,
      "cuda": 0,
      "tie": 0
    },
    "total_tests": 4,
    "cudnt_speed_advantage": 100.0,
    "cuda_speed_advantage": 0.0
  }
}