{
  "gpt5_performance_achieved": false,
  "overall_accuracy": 7.371018987495877e-16,
  "consciousness_level": 0.95,
  "timestamp": "2025-09-18T19:30:25.494923"
}