{
  "timestamp": "2025-10-31T09:45:24.161417",
  "primes_analyzed": 1229,
  "mean_correlation": 0.7507443164701489,
  "sample_correlations": [
    0.6477887960602318,
    0.8257851603400321,
    0.7903580660999465,
    0.7672607862108113,
    0.8612122545801177,
    0.7549309718598611,
    0.5127825752601818,
    0.846006437427798,
    0.835647104059754,
    0.8159232166203108
  ]
}