{
  "timestamp": "2025-09-17T11:54:52.254657",
  "tests": [
    {
      "test": "matrix_multiplication",
      "cuda_time": 0.006653785705566406,
      "cudnt_time": 1.7349231243133545,
      "speedup": 0.0038352049219470934,
      "cuda_result": 4206265.0,
      "cudnt_result": 10314.046875
    },
    {
      "test": "vector_operations",
      "cuda_time": 7.82012939453125e-05,
      "cudnt_time": 84.92121982574463,
      "speedup": 9.208687075595336e-07,
      "cuda_cosine": 0.7542200684547424,
      "cudnt_cosine": 1.2144802808761597,
      "quantum_fidelity": 0.006666973662465345
    },
    {
      "test": "quantum_processing",
      "quantum_time": 10.491393089294434,
      "quantum_result": {
        "qubits_simulated": 8,
        "iterations_completed": 100,
        "average_fidelity": 0.003319436216012863,
        "best_fidelity": 0.2492106854915619,
        "quantum_states": 256,
        "processing_time": 10.491304159164429,
        "acceleration": "CUDNT_VECTORIZED",
        "consciousness_enhancement": 1.618,
        "accelerator": "CUDNT",
        "universal_access": true
      }
    }
  ]
}