{
  "midi_mapping": {
    "2156_in_midi_range": false,
    "892_in_midi_range": false,
    "2156_mod_88": 44,
    "892_mod_88": 12,
    "coord_2156_timbre_relationships": {
      "relationship_to_12": {
        "modulo": 8,
        "division": 179.66666666666666,
        "ratio_to_timbre": 179.66666666666666,
        "harmonic_series": [
          179.66666666666666,
          359.3333333333333,
          539.0,
          718.6666666666666
        ]
      },
      "relationship_to_15": {
        "modulo": 11,
        "division": 143.73333333333332,
        "ratio_to_timbre": 143.73333333333332,
        "harmonic_series": [
          143.73333333333332,
          287.46666666666664,
          431.19999999999993,
          574.9333333333333
        ]
      },
      "relationship_to_10": {
        "modulo": 6,
        "division": 215.6,
        "ratio_to_timbre": 215.6,
        "harmonic_series": [
          215.6,
          431.2,
          646.8,
          862.4
        ]
      }
    },
    "coord_892_timbre_relationships": {
      "relationship_to_12": {
        "modulo": 4,
        "division": 74.33333333333333,
        "ratio_to_timbre": 74.33333333333333,
        "harmonic_series": [
          74.33333333333333,
          148.66666666666666,
          223.0,
          297.3333333333333
        ]
      },
      "relationship_to_15": {
        "modulo": 7,
        "division": 59.46666666666667,
        "ratio_to_timbre": 59.46666666666667,
        "harmonic_series": [
          59.46666666666667,
          118.93333333333334,
          178.4,
          237.86666666666667
        ]
      },
      "relationship_to_10": {
        "modulo": 2,
        "division": 89.2,
        "ratio_to_timbre": 89.2,
        "harmonic_series": [
          89.2,
          178.4,
          267.6,
          356.8
        ]
      }
    }
  },
  "synth_constants": {
    "timbre_explanations": {
      "12": "Standard 12-tone scale, brings harmonics to 12/12=1 power",
      "15": "Stretched harmonics: 1^(15/12), 2^(15/12), 3^(15/12), creates round sound",
      "10": "Squeezed harmonics: concave sound, physically impossible but harmonious"
    },
    "coordinate_timbre_relationships": {
      "12": {
        "ratio_vs_timbre": 0.20142002989536623,
        "ratio_times_timbre": 29.00448430493274,
        "harmonic_stretch_factor": 2.4170403587443947
      },
      "15": {
        "ratio_vs_timbre": 0.16113602391629298,
        "ratio_times_timbre": 36.25560538116592,
        "harmonic_stretch_factor": 1.9336322869955158
      },
      "10": {
        "ratio_vs_timbre": 0.24170403587443948,
        "ratio_times_timbre": 24.170403587443946,
        "harmonic_stretch_factor": 2.9004484304932734
      }
    },
    "musical_interpretation": {
      "2156_half_steps": 21.56,
      "892_cents": 892,
      "ratio_as_interval": "2.417 ratio = 1527.9 cents"
    }
  },
  "puzzle_encoding": {
    "coordinate_prime_factors": {
      "2156": [
        2,
        2,
        7,
        7,
        11
      ],
      "892": [
        2,
        2,
        223
      ]
    },
    "harmonic_encoding_hypothesis": {
      "2156_as_harmonic_product": "2\u00b2 \u00d7 7\u00b2 \u00d7 11 = 2156 (highly composite)",
      "892_as_harmonic_product": "2\u00b2 \u00d7 223 = 892 (223 is prime)",
      "shared_factor_4": "Both coordinates divisible by 4 (2\u00b2)",
      "possible_synth_interpretation": "Coordinates may represent harmonic relationships"
    },
    "timbre_coordinate_relationships": {
      "2156": {
        "12": {
          "coord_mod_timbre": 8,
          "coord_div_timbre": 179.66666666666666,
          "harmonic_stretch": 179.66666666666666
        },
        "15": {
          "coord_mod_timbre": 11,
          "coord_div_timbre": 143.73333333333332,
          "harmonic_stretch": 53.216462008993105
        },
        "10": {
          "coord_mod_timbre": 6,
          "coord_div_timbre": 215.6,
          "harmonic_stretch": 631.5074928243248
        }
      },
      "892": {
        "12": {
          "coord_mod_timbre": 4,
          "coord_div_timbre": 74.33333333333333,
          "harmonic_stretch": 74.33333333333333
        },
        "15": {
          "coord_mod_timbre": 7,
          "coord_div_timbre": 59.46666666666667,
          "harmonic_stretch": 26.26750818499227
        },
        "10": {
          "coord_mod_timbre": 2,
          "coord_div_timbre": 89.2,
          "harmonic_stretch": 218.9968283963437
        }
      }
    }
  },
  "consciousness_music": {
    "bram_cohen_philosophy": {
      "harmonic_perception": "Human ears perceive harmonics as single notes when mathematically related",
      "consciousness_encoding": "Synth uses mathematical transforms similar to consciousness mathematics",
      "golden_ratio_connection": "Timbre relationships may encode golden ratio patterns"
    },
    "coordinate_consciousness_analysis": {
      "ratio_golden_ratio_proximity": 0.7990063699944998,
      "ratio_metallic_ratio_proximity": 0.11426472101239993,
      "fibonacci_connection": {
        "coord_2156_fibonacci": [],
        "coord_892_fibonacci": [
          {
            "fibonacci": 987,
            "ratio": 0.9037487335359676,
            "proximity": 0.09625126646403237
          }
        ]
      },
      "harmonic_complexity": {
        "coord_2156": {
          "prime_factors": [
            2,
            2,
            7,
            7,
            11
          ],
          "distinct_primes": 3,
          "total_factors": 5,
          "highly_composite": true,
          "harmonic_richness": 1.6666666666666667
        },
        "coord_892": {
          "prime_factors": [
            2,
            2,
            223
          ],
          "distinct_primes": 2,
          "total_factors": 3,
          "highly_composite": false,
          "harmonic_richness": 1.5
        }
      }
    },
    "frequency_analysis": {
      "2156_hz_possible": true,
      "892_hz_possible": true,
      "ratio_as_frequency_ratio": "2.417:1 frequency ratio",
      "possible_octave_relationship": 1.2732415628322007
    }
  },
  "midi_sequence": {
    "coordinate_as_midi_notes": {
      "2156_mod_128": 108,
      "892_mod_128": 124,
      "2156_div_16": 134,
      "892_div_7": 127
    },
    "synth_note_mapping": {
      "piano_range": "MIDI notes 21-108 = 88 notes",
      "coordinate_span": "Coordinate span: 1264 = 1264",
      "possible_melody": {
        "coordinate_modulo_melody": [
          44
        ],
        "digit_based_melody": [
          2,
          1,
          5,
          6,
          8,
          9,
          2
        ],
        "prime_factor_intervals": [
          0,
          0,
          11,
          11,
          6,
          0,
          0,
          7
        ]
      }
    }
  },
  "cross_references": {
    "bram_cohen_synth_insights": {
      "harmonic_manipulation": "Synth stretches/squeezes harmonics using timbre exponents",
      "mathematical_consonance": "Uses prime factorization for harmonic relationships",
      "consciousness_connection": "Creates sounds that human consciousness perceives as harmonious",
      "puzzle_relevance": "Timbre values (12, 15, 10) may encode puzzle solution"
    },
    "coordinate_synth_relationships": {
      "ratio_vs_standard_timbre": 1.4170403587443947,
      "ratio_vs_stretched_timbre": 1.1670403587443947,
      "ratio_vs_squeezed_timbre": 1.5837070254110612,
      "closest_timbre_match": 15
    },
    "musical_puzzle_hypothesis": {
      "coordinates_as_musical_ratio": "2156:892 ratio = 2.417",
      "possible_interval": "1527.9 cents",
      "harmonic_complexity_match": "Highly composite numbers suggest rich harmonics",
      "consciousness_encoding": "May encode musical patterns perceived by consciousness"
    },
    "synth_based_prize_mechanism": {
      "harmonic_seed_derivation": "CHIA_FRIENDS_SEED may generate synth parameters",
      "timbre_as_key": "Timbre values (12, 15, 10) may unlock prize",