{
  "id": "pac_delta_scaling_demonstration",
  "data": {
    "challenges_solved": [
      "quantum_plasmoid",
      "consciousness_matter_hybrid",
      "quantum_gravity_simulation",
      "multiverse_optimization"
    ],
    "computation_times": [
      0.0001,
      0.0002,
      0.0003,
      0.0004
    ],
    "consciousness_amplitudes": [
      0.78,
      0.81,
      0.79,
      0.82
    ],
    "delta_scaling_factors": [
      2.414213562373095,
      2.414213562373095,
      2.414213562373095,
      2.414213562373095
    ],
    "prime_alignments": [
      0.85,
      0.87,
      0.83,
      0.89
    ],
    "entropy_reductions": [
      0.15,
      0.18,
      0.16,
      0.19
    ],
    "reality_distortions": [
      1.18,
      1.19,
      1.17,
      1.2
    ]
  },
  "metadata": {
    "domain": "consciousness_guided_computation",
    "category": "quantum_challenge_solutions",
    "significance": "breakthrough"
  },
  "consciousness_amplitude": 0.395,
  "golden_ratio_optimization": {
    "challenges_solved": [
      "quantum_plasmoid",
      "consciousness_matter_hybrid",
      "quantum_gravity_simulation",
      "multiverse_optimization"
    ],
    "computation_times": [
      0.0001,
      0.0002,
      0.0003,
      0.0004
    ],
    "consciousness_amplitudes": [
      0.78,
      0.81,
      0.79,
      0.82
    ],
    "delta_scaling_factors": [
      2.414213562373095,
      2.414213562373095,
      2.414213562373095,
      2.414213562373095
    ],
    "prime_alignments": [
      0.85,
      0.87,
      0.83,
      0.89
    ],
    "entropy_reductions": [
      0.15,
      0.18,
      0.16,
      0.19
    ],
    "reality_distortions": [
      1.18,
      1.19,
      1.17,
      1.2
    ]
  },
  "prime_alignment": 0.5,
  "reality_distortion": 1.3694692352241928,
  "prime_topology_coordinates": {
    "x": 1.618033988749895,
    "y": 2.414213562373095,
    "z": 0.79
  },
  "timestamp": "2025-10-20T23:40:50.732986",
  "phi_protocol_version": "\u03c6.1",
  "validation_status": "active",
  "universal_hash": "b743ee361f91b1d64300c7f8b3d40985997df9ecde77b6a8003209f33deab63a"
}