{
  "selberg_trace_balance": 36.45736645999613,
  "zeta_correlation": -0.7794833529515364,
  "rh_spectral_proof": false,
  "geodesic_count": 50
}