{
  "total_primes": 168,
  "analyzed_primes": 50,
  "total_zetas": 50,
  "avg_correlation": 0.3915249997007661,
  "avg_difference": 109.66657108471274,
  "max_difference": 147.99471635157292,
  "min_difference": 50.79676144525666,
  "tight_count": 0,
  "normal_count": 0,
  "loose_count": 0,
  "outlier_count": 49,
  "chi_squared": 35.0,
  "pearson_r": -0.28245896005668586,
  "pearson_p": 0.04925054948672761,
  "analysis_time": 0.0018818378448486328,
  "rate": 26569.77068288357
}