{
  "sequences": {
    "prime_frequencies": [
      220.0,
      220.0,
      220.0,
      220.0,
      220.0,
      220.0,
      220.0,
      220.0,
      246.94165062806206,
      246.94165062806206,
      246.94165062806206,
      246.94165062806206,
      277.1826309768721,
      277.1826309768721,
      277.1826309768721,
      277.1826309768721,
      293.6647679174076,
      293.6647679174076,
      587.3295358348151,
      587.3295358348151,
      587.3295358348151,
      659.25511382574,
      659.25511382574,
      659.25511382574,
      739.9888454232688,
      739.9888454232688,
      739.9888454232688,
      739.9888454232688,
      739.9888454232688,
      830.6093951598903,
      1760.0
    ],
    "zeta_frequencies": [
      220.0,
      220.0,
      220.0,
      220.0,
      220.0,
      220.0,
      220.0,
      220.0,
      220.0,
      220.0,
      220.0,
      220.0,
      220.0,
      220.0,
      220.0,
      220.0,
      220.0,
      220.0,
      220.0,
      220.0,
      220.0,
      220.0,
      220.0,
      220.0,
      220.0,
      220.0,
      220.0,
      220.0,
      220.0,
      246.94165062806206,
      1760.0
    ],
    "prime_data": [
      2,
      3,
      5,
      7,
      11,
      13,
      17,
      19,
      23,
      29,
      31,
      37,
      41,
      43,
      47,
      53,
      59,
      61,
      67,
      71,
      73,
      79,
      83,
      89,
      97,
      101,
      103,
      107,
      109,
      113,
      127
    ],
    "zeta_data": [
      5.177377517639621,
      1.6348839001848923,
      1.2020064006596782,
      1.0823228953444728,
      1.0369277525929554,
      1.0173430619639436,
      1.0083492773817515,
      1.004077356197943,
      1.0020083928260817,
      1.0009945751278182,
      1.0004941886041194,
      1.0002460865533078,
      1.0001227133475783,
      1.0000612481350586,
      1.000030588236307,
      1.0000152822594084,
      1.0000076371976376,
      1.000003817293265,
      1.0000019082127163,
      1.0000009539620338,
      1.0000004769329867,
      1.0000002384505027,
      1.000000119219926,
      1.000000059608189,
      1.0000000298035034,
      1.0000000149015549,
      1.0000000074507118,
      1.000000003725334,
      1.0000000018626598,
      1.0000000009313275,
      1.0000000004656628
    ],
    "prime_gaps": [
      2,
      1,
      2,
      2,
      4,
      2,
      4,
      2,
      4,
      6,
      2,
      6,
      4,
      2,
      4,
      6,
      6,
      2,
      6,
      4,
      2,
      6,
      4,
      6,
      8,
      4,
      2,
      4,
      2,
      4,
      14
    ],
    "note_durations": [
      3.067344345616264,
      2.3456162642947898,
      3.067344345616264,
      3.067344345616264,
      4.510800508259211,
      3.067344345616264,
      4.510800508259211,
      3.067344345616264,
      4.510800508259211,
      5.954256670902159,
      3.067344345616264,
      5.954256670902159,
      4.510800508259211,
      3.067344345616264,
      4.510800508259211,
      5.954256670902159,
      5.954256670902159,
      3.067344345616264,
      5.954256670902159,
      4.510800508259211,
      3.067344345616264,
      5.954256670902159,
      4.510800508259211,
      5.954256670902159,
      7.397712833545106,
      4.510800508259211,
      3.067344345616264,
      4.510800508259211,
      3.067344345616264,
      4.510800508259211,
      11.72808132147395
    ],
    "target_duration": 142.0,
    "actual_duration": 141.99999999999994
  },
  "audio_tracks": {
    "prime_audio_length": 6260320,
    "zeta_audio_length": 6259313,
    "duration_seconds": 141.95736961451246
  },
  "files_generated": [
    "prime_distribution_track.wav",
    "zeta_distribution_track.wav",
    "prime_zeta_contrary_motion.wav"
  ],
  "analysis": {
    "frequency_ranges": {
      "prime_min": 220.0,
      "prime_max": 1760.0,
      "zeta_min": 220.0,
      "zeta_max": 1760.0
    },
    "contrary_motion_analysis": {
      "total_intervals": 30,
      "contrary_intervals": 6,
      "contrary_percentage": 20.0,
      "parallel_intervals": 24
    },
    "mathematical_correlations": {
      "prime_sequence_growth": "Exponential growth in prime gaps",
      "zeta_sequence_decay": "Rapid convergence to 1 for large k",
      "harmonic_relationships": "Both sequences relate to fundamental mathematical constants"
    }
  }
}